order_no,order_type,order_state,pos_no,detail_state,date_issued,suplier_id,supplier_name,part_no,serial_no,description,qty,uom,backorder,priority,order_currency,local_price,local_amnt,foreign_price,foreign_amt,cost_center,receiving_date,author,material_type,ship_to
P0300024,P,OPEN,1,OPEN,10/4/2024,REDACTED,REDACTED,13083-5, ,FIRE CARTRIDGE,2,EA,2,NORMAL,USD,28245000,56490000,1883,3766,25VBL4AL,,REDACTED,P,REDACTED
P0300124,P,OPEN,1,OPEN,10/4/2024,REDACTED,REDACTED,30900400, ,FIRE EXTINGUISHER CARTRIDGE,2,EA,2,NORMAL,USD,14343900,28687800,956.26,1912.52,25VBL4AL,,REDACTED,P,REDACTED
P0300224,P,RECEIVED,1,RECEIVED,10/4/2024,REDACTED,REDACTED,AA-3733, ,TEFLON WIRE,4.17,ROLL,0,NORMAL,USD,5832000,24300000,388.8,1620,25VBL4AL,11/13/2024,REDACTED,P,REDACTED
P0300324,P,RECEIVED,1,RECEIVED,10/4/2024,REDACTED,REDACTED,071-01438-0702, ,CP-466A,1,EA,0,URGENT,USD,56299950,56299950,3753.33,3753.33,24CAS212,10/28/2024,REDACTED,P,REDACTED
P0300424,P,RECEIVED,1,RECEIVED,10/4/2024,REDACTED,REDACTED,25218-FAST-ORANGE, ,PERMATEX FAST ORANGE HAND CLEANER GL,6,EA,0,NORMAL,IDR,375000,2250000,375000,2250000,CSMBGEN,10/29/2024,REDACTED,N,REDACTED
P0300424,P,RECEIVED,2,RECEIVED,10/4/2024,REDACTED,REDACTED,TACTIX TOOL BOX 43.5CM, ,TACTIX TOOL BOX 43.5CM,1,EA,0,NORMAL,IDR,189900,189900,189900,189900,TOOLEQPT,10/30/2024,REDACTED,N,REDACTED
P0300424,P,RECEIVED,3,RECEIVED,10/4/2024,REDACTED,REDACTED,"AMPLAS RING 3/4"" GRIT 80", ,"AMPLAS RING 3/4"" GRIT 80",100,EA,0,NORMAL,IDR,10000,1000000,10000,1000000,COMPOS00,10/29/2024,REDACTED,N,REDACTED
P0300424,P,RECEIVED,4,RECEIVED,10/4/2024,REDACTED,REDACTED,"AMPLAS RING 3/4"" GRIT 36", ,"AMPLAS RING 3/4"" GRIT 36",100,EA,0,NORMAL,IDR,10000,1000000,10000,1000000,COMPOS00,10/29/2024,REDACTED,N,REDACTED
P0300424,P,RECEIVED,5,RECEIVED,10/4/2024,REDACTED,REDACTED,"AMPLAS RING 1 1/2"" GRIT 36", ,"AMPLAS RING 1 1/2"" GRIT 36",100,EA,0,NORMAL,IDR,13500,1350000,13500,1350000,COMPOS00,10/29/2024,REDACTED,N,REDACTED
P0300524,P,RECEIVED,1,RECEIVED,10/7/2024,REDACTED,REDACTED,HEADREST, ,HEADREST COVER,18,EA,0,AOG,IDR,195000,3510000,195000,3510000,24CAS212,10/17/2024,REDACTED,C,REDACTED
P0300524,P,RECEIVED,2,RECEIVED,10/7/2024,REDACTED,REDACTED,SEAT BELT REPAIR, ,SEAT BELT REPAIR,18,EA,0,AOG,IDR,300000,5400000,300000,5400000,24CAS212,10/17/2024,REDACTED,S,REDACTED
P0300524,P,RECEIVED,3,RECEIVED,10/7/2024,REDACTED,REDACTED,FAIRING SCREW INSTALLATION, ,FAIRING SCREW INSTALLATION,18,EA,0,AOG,IDR,250000,4500000,250000,4500000,24CAS212,10/17/2024,REDACTED,S,REDACTED
P0300524,P,RECEIVED,4,RECEIVED,10/7/2024,REDACTED,REDACTED,PAINT TOUCH UP, ,PAINT TOUCH UP,18,EA,0,AOG,IDR,150000,2700000,150000,2700000,24CAS212,10/17/2024,REDACTED,S,REDACTED
P0300524,P,RECEIVED,5,RECEIVED,10/7/2024,REDACTED,REDACTED,SEAT POCKET, ,SEAT POCKET,4,EA,0,AOG,IDR,950000,3800000,950000,3800000,24CAS212,10/17/2024,REDACTED,N,REDACTED
P0300624,P,RECEIVED,1,RECEIVED,10/7/2024,REDACTED,REDACTED,NITRILE CHEMICAL GLOVES, ,DISPOSABLE NITRILE CHEMICAL GLOVES,10,BOX,0,NORMAL,IDR,54000,540000,54000,540000,CSMBGEN,10/15/2024,REDACTED,N,REDACTED
P0300624,P,RECEIVED,2,RECEIVED,10/7/2024,REDACTED,REDACTED,NITRILE CHEMICAL GLOVES, ,DISPOSABLE NITRILE CHEMICAL GLOVES,20,BOX,0,NORMAL,IDR,54000,1080000,54000,1080000,CSMBGEN,10/11/2024,REDACTED,N,REDACTED
P0300624,P,RECEIVED,3,RECEIVED,10/7/2024,REDACTED,REDACTED,"MASKINGTAPE 1""", ,"MASKING TAPE 1""",96,EA,0,NORMAL,IDR,5197.92,499000,5197.92,499000,CSMBGEN,10/15/2024,REDACTED,N,REDACTED
P0300624,P,RECEIVED,4,RECEIVED,10/7/2024,REDACTED,REDACTED,"MASKINGTAPE 1/2""", ,"MASKING TAPE 1/2""",48,EA,0,NORMAL,IDR,4000,192000,4000,192000,CSMBGEN,10/15/2024,REDACTED,N,REDACTED
P0300624,P,RECEIVED,5,RECEIVED,10/7/2024,REDACTED,REDACTED,AMPLAS 400 LINGKAR, ,AMPLAS 400 CW LINGKAR,100,EA,0,NORMAL,IDR,3690,369000,3690,369000,CSMBGEN,10/24/2024,REDACTED,N,REDACTED
P0300624,P,RECEIVED,6,RECEIVED,10/7/2024,REDACTED,REDACTED,AMPLAS 120 LINGKAR, ,AMPLAS 120 CW LINGKAR,100,EA,0,NORMAL,IDR,3780,378000,3780,378000,CSMBGEN,10/24/2024,REDACTED,N,REDACTED
P0300624,P,RECEIVED,7,RECEIVED,10/7/2024,REDACTED,REDACTED,KUAS UK2, ,KUAS(PAINT BRUSH) UK.2,36,EA,0,NORMAL,IDR,3000,108000,3000,108000,CSMBGEN,10/24/2024,REDACTED,N,REDACTED
P0300624,P,RECEIVED,8,RECEIVED,10/7/2024,REDACTED,REDACTED,KUAS UK4, ,KUAS(PAINT BRUSH) UK.4,36,EA,0,NORMAL,IDR,4000,144000,4000,144000,CSMBGEN,10/24/2024,REDACTED,N,REDACTED
P0300624,P,RECEIVED,9,RECEIVED,10/7/2024,REDACTED,REDACTED,KUAS UK6, ,KUAS(PAINT BRUSH) UK.6,36,EA,0,NORMAL,IDR,5000,180000,5000,180000,CSMBGEN,10/24/2024,REDACTED,N,REDACTED
P0300624,P,RECEIVED,10,RECEIVED,10/7/2024,REDACTED,REDACTED,"KUAS 1""", ,"KUAS 1""",24,EA,0,NORMAL,IDR,6000,144000,6000,144000,CSMBGEN,10/24/2024,REDACTED,N,REDACTED
P0300624,P,RECEIVED,11,RECEIVED,10/7/2024,REDACTED,REDACTED,"DOUBLE TAPE 1"" FOAM 3M", ,"DOUBLE TAPE 1"" FOAM 3M",10,EA,0,NORMAL,IDR,62000,620000,62000,620000,CSMBGEN,10/15/2024,REDACTED,N,REDACTED
P0300724,P,RECEIVED,1,RECEIVED,10/7/2024,REDACTED,REDACTED,105-45051.01, ,FLANGE PLATE,1,EA,0,URGENT,EUR,3405450,3405450,227.03,227.03,23BOPIUP,1/6/2025,REDACTED,C,REDACTED
P0300724,P,RECEIVED,2,RECEIVED,10/7/2024,REDACTED,REDACTED,105-60352.11, ,WASHER (SHIM),4,EA,0,URGENT,EUR,507900,2031600,33.86,135.44,23BOPIUP,11/11/2024,REDACTED,C,REDACTED
P0300724,P,RECEIVED,3,RECEIVED,10/7/2024,REDACTED,REDACTED,AE22103-015, ,PACKING,2,EA,0,URGENT,EUR,45150,90300,3.01,6.02,23BOPIUP,1/6/2025,REDACTED,C,REDACTED
P0300724,P,RECEIVED,4,RECEIVED,10/7/2024,REDACTED,REDACTED,LN9025-0510L, ,WASHER,20,EA,0,URGENT,EUR,32850,657000,2.19,43.8,23BOPIUP,1/6/2025,REDACTED,C,REDACTED
P0300824,P,RECEIVED,1,RECEIVED,10/7/2024,REDACTED,REDACTED,3M 853, ,"POLYESTER FILM TAPE 3"" WIDTH",12,ROLL,0,NORMAL,USD,1738800,20865600,115.92,1391.04,24AW169P,10/21/2024,REDACTED,C,REDACTED
P0300824,P,RECEIVED,2,RECEIVED,10/7/2024,REDACTED,REDACTED,ARDROX AV25 HFO, ,ARDROX AV25 HFO 400ML AEROSOL CAN,1,CAN,0,NORMAL,USD,643500,643500,42.9,42.9,24AW169P,12/13/2024,REDACTED,C,REDACTED
P0300824,P,RECEIVED,3,RECEIVED,10/7/2024,REDACTED,REDACTED,PS700, ,FIREWALL SEALANT BLACK PINT KIT,1,EA,0,NORMAL,USD,5037000,5037000,335.8,335.8,24AW169P,10/30/2024,REDACTED,C,REDACTED
P0300824,P,RECEIVED,4,RECEIVED,10/7/2024,REDACTED,REDACTED,62221654403, ,EC 2216 GRAY B/A PINT KIT,4,KIT,0,NORMAL,USD,4277250,17109000,285.15,1140.6,24AW169P,10/21/2024,REDACTED,C,REDACTED
P0300924,P,CANCELLED,1,CANCELLED,10/7/2024,REDACTED,REDACTED,NAS1143V3, ,"SCREW, MACHINE (NSCM A0126)",20,EA,0,NORMAL,USD,119250,2385000,7.95,159,24AW169P,,REDACTED,C,REDACTED
P0301024,P,RECEIVED,1,RECEIVED,10/8/2024,REDACTED,REDACTED,17967, ,"DOUBLE MARGIN JOBBER 3/8"" X 5/16"" CO",3,EA,0,NORMAL,USD,150000,450000,10,30,COMPOS00,11/22/2024,REDACTED,N,REDACTED
P0301024,P,RECEIVED,2,RECEIVED,10/8/2024,REDACTED,REDACTED,34022, ,"DOUBLE MARGIN JOBBER 1/4"" X #21 CO",3,EA,0,NORMAL,USD,103500,310500,6.9,20.7,COMPOS00,11/22/2024,REDACTED,N,REDACTED
P0301024,P,RECEIVED,3,RECEIVED,10/8/2024,REDACTED,REDACTED,34024, ,"DOUBLE MARGIN JOBBER 1/4"" X #10 CO",3,EA,0,NORMAL,USD,103500,310500,6.9,20.7,COMPOS00,11/22/2024,REDACTED,N,REDACTED
P0301024,P,RECEIVED,4,RECEIVED,10/8/2024,REDACTED,REDACTED,34025, ,"DOUBLE MARGIN JOBBER 5/16""X1/4"" CO",3,EA,0,NORMAL,USD,103500,310500,6.9,20.7,COMPOS00,11/22/2024,REDACTED,N,REDACTED
P0301024,P,RECEIVED,5,RECEIVED,10/8/2024,REDACTED,REDACTED,34026, ,"DOUBLE MARGIN JOBBER 3/8""X1/4"" CO",3,EA,0,NORMAL,USD,172500,517500,11.5,34.5,COMPOS00,11/22/2024,REDACTED,N,REDACTED
P0301024,P,RECEIVED,6,RECEIVED,10/8/2024,REDACTED,REDACTED,34027, ,"DOUBLE MARGIN JOBBER 3/8""X5/16"" CO",3,EA,0,NORMAL,USD,172500,517500,11.5,34.5,COMPOS00,11/22/2024,REDACTED,N,REDACTED
P0301024,P,RECEIVED,7,RECEIVED,10/8/2024,REDACTED,REDACTED,34018, ,DOUBLE MARGIN JOBBER #10 X #21 CO,3,EA,0,NORMAL,USD,103500,310500,6.9,20.7,COMPOS00,11/22/2024,REDACTED,N,REDACTED
P0301124,P,OPEN,1,OPEN,10/8/2024,REDACTED,REDACTED,412-502-126, ,FLANGED BUSHING,2,EA,2,URGENT,USD,1545000,3090000,103,206,24BL412N,,REDACTED,C,REDACTED
P0301224,P,OPEN,1,OPEN,10/8/2024,REDACTED,REDACTED,30703-002, ,BATTERY,1,EA,1,NORMAL,USD,214095000,214095000,14273,14273,24BL412N,,REDACTED,P,REDACTED
P0301324,P,RECEIVED,1,RECEIVED,10/8/2024,REDACTED,REDACTED,SRA1.00BK36, ,TAPE,20,ROLL,0,NORMAL,USD,202500,4050000,13.5,270,24FAS555,11/18/2024,REDACTED,C,REDACTED
P0301424,P,OPEN,1,OPEN,10/8/2024,REDACTED,REDACTED,39563-001, ,EMERGENCY POWER BATTERY,1,EA,1,NORMAL,USD,73500000,73500000,4900,4900,24BL412N,,REDACTED,P,REDACTED
P0301524,P,RECEIVED,1,RECEIVED,10/8/2024,REDACTED,REDACTED,2380, ,EASTMAN TURBO OIL,15,CAN,0,NORMAL,IDR,358000,5370000,358000,5370000,CSMBGEN,10/16/2024,REDACTED,C,REDACTED
P0301524,P,RECEIVED,2,RECEIVED,10/8/2024,REDACTED,REDACTED,AEROSHELL GREASE 33, ,CM 115 GREASE,1,CAN,0,NORMAL,IDR,3000000,3000000,3000000,3000000,CSMBGEN,10/16/2024,REDACTED,C,REDACTED
P0301524,P,RECEIVED,3,RECEIVED,10/8/2024,REDACTED,REDACTED,FLUID 41, ,AEROSHELL FLUID 41 HYDRAULIC FLUID,10,L,0,NORMAL,IDR,340000,3400000,340000,3400000,CSMBGEN,10/16/2024,REDACTED,C,REDACTED
P0301524,P,RECEIVED,4,RECEIVED,10/8/2024,REDACTED,REDACTED,GN06, ,CM 116 NYCO GREASE,1,CAN,0,NORMAL,IDR,2200000,2200000,2200000,2200000,CSMBGEN,10/16/2024,REDACTED,C,REDACTED
P0301524,P,RECEIVED,5,RECEIVED,10/8/2024,REDACTED,REDACTED,ISOPROPYL ALCOHOL, ,"CLEANING AGENT, ALCOHOL, TT-I-735A",20,L,0,NORMAL,IDR,65000,1300000,65000,1300000,CSMBGEN,10/16/2024,REDACTED,C,REDACTED
P0301524,P,RECEIVED,6,RECEIVED,10/8/2024,REDACTED,REDACTED,LPS 1, ,LPS 1 GREASELESS LUBRICANT,1,CAN,0,NORMAL,IDR,190000,190000,190000,190000,CSMBGEN,10/16/2024,REDACTED,N,REDACTED
P0301524,P,RECEIVED,7,RECEIVED,10/8/2024,REDACTED,REDACTED,LPS 2, ,LPS 2,2,CAN,0,NORMAL,IDR,200000,400000,200000,400000,CSMBGEN,10/16/2024,REDACTED,C,REDACTED
P0301524,P,RECEIVED,8,RECEIVED,10/8/2024,REDACTED,REDACTED,RTV732 CLEAR, ,CM 674 SEALING COMPOUND CLEAR,1,KIT,0,NORMAL,IDR,200000,200000,200000,200000,CSMBGEN,10/16/2024,REDACTED,C,REDACTED
P0301524,P,RECEIVED,9,RECEIVED,10/8/2024,REDACTED,REDACTED,TOLUENE, ,CM 219 CLEANING SOLVENT,20,L,0,NORMAL,IDR,60000,1200000,60000,1200000,CSMBGEN,10/16/2024,REDACTED,C,REDACTED
P0301624,P,RECEIVED,4,CANCELLED,10/8/2024,REDACTED,REDACTED,204-031-762-001, ,"SPRING ASSY, LOWER",4,EA,0,NORMAL,USD,2100000,8400000,140,560,25VBL4AL,,REDACTED,C,REDACTED
P0301624,P,RECEIVED,5,CANCELLED,10/8/2024,REDACTED,REDACTED,204-031-762-002, ,"SPRING ASSY, UPPER",4,EA,0,NORMAL,USD,2100000,8400000,140,560,25VBL4AL,,REDACTED,C,REDACTED
P0301624,P,RECEIVED,11,CANCELLED,10/8/2024,REDACTED,REDACTED,412-010-427-101, ,BEARING,1,EA,0,NORMAL,USD,10545000,10545000,703,703,25VBL4AL,,REDACTED,C,REDACTED
P0301624,P,RECEIVED,13,CANCELLED,10/8/2024,REDACTED,REDACTED,412-340-610-101, ,"DISC PACK, COUPLING",1,EA,0,NORMAL,USD,16185000,16185000,1079,1079,25VBL4AL,,REDACTED,C,REDACTED
P0301624,P,RECEIVED,1,RECEIVED,10/8/2024,REDACTED,REDACTED,212-030-436-007, ,CAP ASSY,2,EA,0,NORMAL,USD,18900000,37800000,1260,2520,25VBL4AL,1/2/2025,REDACTED,C,REDACTED
P0301624,P,RECEIVED,2,RECEIVED,10/8/2024,REDACTED,REDACTED,412-330-437-107, ,BUMPER RUBBER,2,EA,0,NORMAL,USD,43875000,87750000,2925,5850,25VBL4AL,12/23/2024,REDACTED,C,REDACTED
P0301624,P,RECEIVED,3,RECEIVED,10/8/2024,REDACTED,REDACTED,412-330-437-105, ,"CAP ASSY, AFT",2,EA,0,NORMAL,USD,57495000,114990000,3833,7666,25VBL4AL,12/23/2024,REDACTED,C,REDACTED
P0301624,P,RECEIVED,6,RECEIVED,10/8/2024,REDACTED,REDACTED,204-031-920-003, ,"DAMPER ASSY, FRICTION",2,EA,0,NORMAL,USD,32745000,65490000,2183,4366,25VBL4AL,12/23/2024,REDACTED,P,REDACTED
P0301624,P,RECEIVED,7,RECEIVED,10/8/2024,REDACTED,REDACTED,412-310-146-103, ,DAMPER YOKE SET,2,EA,0,NORMAL,USD,274650000,549300000,18310,36620,25VBL4AL,12/23/2024,REDACTED,P,REDACTED
P0301624,P,RECEIVED,8,RECEIVED,10/8/2024,REDACTED,REDACTED,214-040-604-105S, ,COUPLING,1,EA,0,NORMAL,USD,310800000,310800000,20720,20720,25VBL4AL,1/2/2025,REDACTED,P,REDACTED
P0301624,P,RECEIVED,9,RECEIVED,10/8/2024,REDACTED,REDACTED,214-040-604-103S, ,COUPLING IGB,1,EA,0,NORMAL,USD,277050000,277050000,18470,18470,25VBL4AL,1/13/2025,REDACTED,P,REDACTED
P0301624,P,RECEIVED,10,RECEIVED,10/8/2024,REDACTED,REDACTED,212-060-921-102, ,MANIFOLD ASSY RH,1,EA,0,NORMAL,USD,18240000,18240000,1216,1216,25VBL4AL,1/2/2025,REDACTED,P,REDACTED
P0301624,P,RECEIVED,12,RECEIVED,10/8/2024,REDACTED,REDACTED,204-031-837-012A, ,"HINGE HALF ASSY, RH",1,EA,0,NORMAL,USD,81225000,81225000,5415,5415,25VBL4AL,12/23/2024,REDACTED,C,REDACTED
P0301624,P,RECEIVED,14,RECEIVED,10/8/2024,REDACTED,REDACTED,205-031-202-001, ,FITTING ASSY LOWER LH,1,EA,0,NORMAL,USD,20505000,20505000,1367,1367,25VBL4AL,1/2/2025,REDACTED,P,REDACTED
P0301624,P,RECEIVED,15,RECEIVED,10/8/2024,REDACTED,REDACTED,205-031-202-002, ,FITTING ASSY LOWER RH,1,EA,0,NORMAL,USD,18885000,18885000,1259,1259,25VBL4AL,1/2/2025,REDACTED,P,REDACTED
P0301724,P,RECEIVED,1,RECEIVED,10/9/2024,REDACTED,REDACTED,ARDROX 6025, ,CM 239 CLEANING AGENT,25,L,0,NORMAL,IDR,76000,1900000,76000,1900000,CSMBGEN,11/13/2024,REDACTED,C,REDACTED
P0301824,P,RECEIVED,1,RECEIVED,10/9/2024,REDACTED,REDACTED,TJT801003, ,TERMINAL JUNCTION TRACK,1,EA,0,NORMAL,USD,1144950,1144950,76.33,76.33,24FAS555,11/11/2024,REDACTED,C,REDACTED
P0301824,P,RECEIVED,2,RECEIVED,10/9/2024,REDACTED,REDACTED,5207908-7, ,BACKSHELL,2,EA,0,NORMAL,USD,68100,136200,4.54,9.08,24FAS555,11/11/2024,REDACTED,C,REDACTED
P0301824,P,RECEIVED,3,RECEIVED,10/9/2024,REDACTED,REDACTED,EN4165A20-221AB, ,MODULE 20 CONTACT #22 POLARIZATION A,3,EACH,0,NORMAL,USD,443250,1329750,29.55,88.65,24DP1365,11/11/2024,REDACTED,C,REDACTED
P0301824,P,RECEIVED,4,RECEIVED,10/9/2024,REDACTED,REDACTED,HSTTV50-C, ,"HEAT SHRINK 1/2""",100,FT,0,NORMAL,USD,21982.5,2198250,1.47,146.55,24DP1365,11/11/2024,REDACTED,C,REDACTED
P0301824,P,RECEIVED,5,RECEIVED,10/9/2024,REDACTED,REDACTED,HSTTV25-C, ,"HEAT SHRINK 1/4""",100,FT,0,NORMAL,USD,19077,1907700,1.27,127.18,24DP1365,11/11/2024,REDACTED,C,REDACTED
P0301824,P,RECEIVED,6,RECEIVED,10/9/2024,REDACTED,REDACTED,FP-301-1-1/2, ,HEAT SHRINK 1 1/2 IN,100,FT,0,NORMAL,USD,34069.5,3406950,2.27,227.13,24DP1365,11/11/2024,REDACTED,C,REDACTED
P0301824,P,RECEIVED,7,RECEIVED,10/9/2024,REDACTED,REDACTED,FP-301-3/4, ,HEAT SHRINK 3/4 IN,100,FT,0,NORMAL,USD,18615,1861500,1.24,124.1,24DP1365,11/11/2024,REDACTED,C,REDACTED
P0301924,P,RECEIVED,1,RECEIVED,10/9/2024,REDACTED,REDACTED,3020030, ,"TUBE, TRANSFER, FUEL MANIFOLD",12,EA,0,URGENT,USD,8535000,102420000,569,6828,24BL412N,10/24/2024,REDACTED,P,REDACTED
P0302024,P,RECEIVED,1,RECEIVED,10/9/2024,REDACTED,REDACTED,WA23-4, ,DIE ASSEMBLY / SET FOR AWG 4 WIRES,1,EA,0,URGENT,USD,8810250,8810250,587.35,587.35,24DP1365,10/15/2024,REDACTED,T,REDACTED
P0302024,P,RECEIVED,2,RECEIVED,10/9/2024,REDACTED,REDACTED,WA23-11, ,LOCATOR AWG 4,1,EA,0,URGENT,USD,1253100,1253100,83.54,83.54,24DP1365,10/15/2024,REDACTED,T,REDACTED
P0302124,P,DRAFT,1,DRAFT,10/9/2024,REDACTED,REDACTED,212-075-067-119, ,INDICATOR ITT,1,EA,1,NORMAL,USD,825675000,825675000,55045,55045,25VBL4AL,,REDACTED,P,REDACTED
P0302224,P,RECEIVED,1,RECEIVED,10/9/2024,REDACTED,REDACTED,NAS1149V0432H, ,FLAT WASHER,44,EA,0,NORMAL,GBP,53600,2358400,2.68,117.92,24AW169P,11/28/2024,REDACTED,C,REDACTED
P0302224,P,RECEIVED,2,RECEIVED,10/9/2024,REDACTED,REDACTED,NAS1149V0463H, ,WASHER,10,EA,0,NORMAL,GBP,230400,2304000,11.52,115.2,24AW169P,11/28/2024,REDACTED,C,REDACTED
P0302224,P,RECEIVED,3,RECEIVED,10/9/2024,REDACTED,REDACTED,MS14144L10, ,"NUT, SELF-LOCKING, EXTENDED WASHER",14,EA,0,NORMAL,GBP,534400,7481600,26.72,374.08,24AW169P,11/28/2024,REDACTED,C,REDACTED
P0302324,P,RECEIVED,1,RECEIVED,10/9/2024,REDACTED,REDACTED,HANDPRESS LARGE PM, ,HANDPRESS LARGE PM,1,EA,0,NORMAL,IDR,240000,240000,240000,240000,TOOLEQPT,10/22/2024,REDACTED,N,REDACTED
P0302324,P,RECEIVED,2,RECEIVED,10/9/2024,REDACTED,REDACTED,7050, ,MATRAS KANCING BESI,1,EA,0,NORMAL,IDR,65000,65000,65000,65000,TOOLEQPT,10/21/2024,REDACTED,N,REDACTED
P0302424,P,RECEIVED,1,RECEIVED,10/10/2024,REDACTED,REDACTED,A37498, ,"ROTOR, SINTERED LINING",4,EA,0,NORMAL,EUR,10139550,40558200,675.97,2703.88,CSMBGEN,11/25/2024,REDACTED,P,REDACTED
P0302524,P,RECEIVED,1,RECEIVED,10/10/2024,REDACTED,REDACTED,AL8MMX300MMX300MM, ,PLAT ALUMUNIUM 8MM X 300 MM X 300 MM,2,EA,0,URGENT,IDR,372600,745200,372600,745200,24BL412N,10/24/2024,REDACTED,N,REDACTED
P0302624,P,RECEIVED,1,RECEIVED,10/10/2024,REDACTED,REDACTED,9560115450, ,MAGNETIC SEAL,1,EA,0,NORMAL,USD,27372450,27372450,1824.83,1824.83,CSMBGEN,12/2/2024,REDACTED,C,REDACTED
P0302724,P,RECEIVED,1,RECEIVED,10/10/2024,REDACTED,REDACTED,MS14144L8, ,NUT,5,EA,0,NORMAL,USD,345600,1728000,23.04,115.2,24BL412N,2/17/2025,REDACTED,C,REDACTED
P0302724,P,RECEIVED,2,RECEIVED,10/10/2024,REDACTED,REDACTED,MS20034-2, ,BOLT,53,EA,0,NORMAL,USD,33000,1749000,2.2,116.6,24BL412N,12/3/2024,REDACTED,C,REDACTED
P0302724,P,RECEIVED,3,RECEIVED,10/10/2024,REDACTED,REDACTED,MS20470AD4-4, ,"ROUND RIVET L 1/4"" D 1/8""",2065,EA,0,NORMAL,USD,266.37,550050,0.02,36.67,24BL412N,12/3/2024,REDACTED,C,REDACTED
P0302724,P,RECEIVED,4,RECEIVED,10/10/2024,REDACTED,REDACTED,MS20500-428, ,NUT,54,EA,0,NORMAL,USD,33000,1782000,2.2,118.8,24BL412N,12/3/2024,REDACTED,C,REDACTED
P0302724,P,RECEIVED,5,RECEIVED,10/10/2024,REDACTED,REDACTED,MS27039-1-12, ,STRUCTURAL SCREW,100,EACH,0,NORMAL,USD,2550,255000,0.17,17,24BL412N,12/3/2024,REDACTED,C,REDACTED
P0302724,P,RECEIVED,6,RECEIVED,10/10/2024,REDACTED,REDACTED,AN3C6A, ,BOLT,10,EA,0,NORMAL,USD,21150,211500,1.41,14.1,24BL412N,12/3/2024,REDACTED,C,REDACTED
P0302724,P,RECEIVED,7,RECEIVED,10/10/2024,REDACTED,REDACTED,AS3209-015, ,O-RING SEAL,10,EA,0,NORMAL,USD,37500,375000,2.5,25,24BL412N,12/3/2024,REDACTED,C,REDACTED
P0302724,P,RECEIVED,8,RECEIVED,10/10/2024,REDACTED,REDACTED,CCR264CS3-03, ,CHERRY NUTPLATE RIVET,500,EA,0,NORMAL,USD,47700,23850000,3.18,1590,24BL412N,12/3/2024,REDACTED,C,REDACTED
P0302724,P,RECEIVED,9,RECEIVED,10/10/2024,REDACTED,REDACTED,3506-SC38A-Z3BT, ,DZUS FASTENER,12,EA,0,NORMAL,USD,64500,774000,4.3,51.6,24FAS555,12/3/2024,REDACTED,C,REDACTED
P0302824,P,RECEIVED,1,RECEIVED,10/10/2024,REDACTED,REDACTED,10206574, ,KRISBOW THERMOMETER,2,EA,0,NORMAL,IDR,667000,1133900,667000,1133900,TOOLEQPT,11/5/2024,REDACTED,T,REDACTED
P0302924,P,RECEIVED,1,RECEIVED,10/10/2024,REDACTED,REDACTED,5000728, ,TEE BAR PLUNGER,6,EA,0,URGENT,USD,14729100,88374600,981.94,5891.64,24CAS212,11/12/2024,REDACTED,C,REDACTED
P0302924,P,RECEIVED,2,RECEIVED,10/10/2024,REDACTED,REDACTED,NAS1149F0432P, ,WASHER,200,EA,0,URGENT,USD,300,60000,0.02,4,24CAS212,11/12/2024,REDACTED,C,REDACTED
P0303024,P,RECEIVED,1,RECEIVED,10/23/2024,REDACTED,REDACTED,600-058, ,BANDING TOOL,1,EA,0,URGENT,USD,58497750,58497750,3899.85,3899.85,TOOLEQPT,12/20/2024,REDACTED,T,REDACTED
P0303224,P,RECEIVED,1,RECEIVED,10/10/2024,REDACTED,REDACTED,T101912, ,PLATE SET,1,EA,0,URGENT,USD,82080000,82080000,5472,5472,24BL412N,11/22/2024,REDACTED,T,REDACTED
P0303224,P,RECEIVED,2,RECEIVED,10/10/2024,REDACTED,REDACTED,T101589, ,BEARING REMOVAL / PLATE ASSY,1,EA,0,URGENT,USD,15420000,15420000,1028,1028,24BL412N,11/13/2024,REDACTED,T,REDACTED
P0303224,P,RECEIVED,3,RECEIVED,10/10/2024,REDACTED,REDACTED,T101392, ,WRENCH,1,EA,0,URGENT,USD,52440000,52440000,3496,3496,24BL412N,11/19/2024,REDACTED,T,REDACTED
P0303324,P,RECEIVED,1,RECEIVED,10/11/2024,REDACTED,REDACTED,BRASS BRUSH SMALL, ,BRASS BRUSH SMALL,5,EA,0,NORMAL,IDR,7000,35000,7000,35000,TOOLEQPT,10/30/2024,REDACTED,N,REDACTED
P0303324,P,RECEIVED,2,RECEIVED,10/11/2024,REDACTED,REDACTED,STEEL TUBE BRUSH 13MM FEMALE, ,STEEL TUBE BRUSH 13MM FEMALE,5,EA,0,NORMAL,IDR,26000,130000,26000,130000,TOOLEQPT,11/12/2024,REDACTED,N,REDACTED
P0303324,P,RECEIVED,3,RECEIVED,10/11/2024,REDACTED,REDACTED,STEEL TUBE BRUSH 10MM MALE, ,STEEL TUBE BRUSH 10MM MALE,5,EA,0,NORMAL,IDR,26000,130000,26000,130000,TOOLEQPT,11/4/2024,REDACTED,N,REDACTED
P0303324,P,RECEIVED,4,RECEIVED,10/11/2024,REDACTED,REDACTED,POLYESTER 600D ROYAL BLUE, ,POLYESTER 600D ROYAL BLUE,12,M,0,NORMAL,IDR,26650,319800,26650,319800,TOOLEQPT,10/31/2024,REDACTED,N,REDACTED
P0303324,P,RECEIVED,5,RECEIVED,10/11/2024,REDACTED,REDACTED,"POLISHING WOOL PAD WHEEL 4""", ,"POLISHING WOOL PAD WHEEL 4""",5,EA,0,NORMAL,IDR,65000,325000,65000,325000,TOOLEQPT,10/28/2024,REDACTED,N,REDACTED
P0303324,P,RECEIVED,6,RECEIVED,10/11/2024,REDACTED,REDACTED,BROWN-PAPER, ,BROWN PAPER ROLL,3,ROLL,0,NORMAL,IDR,501200,1503600,501200,1503600,COMPOS00,10/31/2024,REDACTED,N,REDACTED
P0303424,P,RECEIVED,1,RECEIVED,10/11/2024,REDACTED,REDACTED,RES-1201-00, ,SEAT RESCUE,2,EA,0,URGENT,USD,55425000,110850000,3695,7390,24GBO105,2/14/2025,REDACTED,N,REDACTED
P0303524,P,RECEIVED,1,RECEIVED,10/11/2024,REDACTED,REDACTED,GCAD1811, ,"18PCS 1/4"" DR. 12PT SOCKET SET",10,EA,0,NORMAL,IDR,860000,8600000,860000,8600000,TOOLEQPT,11/12/2024,REDACTED,N,REDACTED
P0303624,P,RECEIVED,1,RECEIVED,10/11/2024,REDACTED,REDACTED,01-0771450B21, ,POSITION LIGHT INSTRUMENT PANEL,12,EA,0,URGENT,USD,1384650,16615800,92.31,1107.72,24FAS555,2/7/2025,REDACTED,C,REDACTED
P0303724,P,RECEIVED,1,RECEIVED,10/11/2024,REDACTED,REDACTED,MS24693-S301, ,SCREW,20,EA,0,URGENT,GBP,25000,500000,1.25,25,24BL412N,11/13/2024,REDACTED,C,REDACTED
P0303724,P,RECEIVED,2,RECEIVED,10/11/2024,REDACTED,REDACTED,NAS43DDO-10, ,SPACER,4,EA,0,URGENT,GBP,125000,500000,6.25,25,24BL412N,11/13/2024,REDACTED,C,REDACTED
P0303824,P,RECEIVED,1,RECEIVED,10/11/2024,REDACTED,REDACTED,RD260, ,NIKKO STEEL WELDING ELECTRODES,3,BOX,0,NORMAL,IDR,239000,717000,239000,717000,TOOLEQPT,10/21/2024,REDACTED,N,REDACTED
P0303824,P,RECEIVED,2,RECEIVED,10/11/2024,REDACTED,REDACTED,"1/2"" YELLOW SEAL TAPE ONDA", ,"1/2"" YELLOW SEAL TAPE ONDA",20,EA,0,NORMAL,IDR,6000,120000,6000,120000,TOOLEQPT,10/29/2024,REDACTED,N,REDACTED
P0303824,P,RECEIVED,3,RECEIVED,10/11/2024,REDACTED,REDACTED,A24S BF, ,GRINDING WHEEL 100X6X16MM,2,BOX,0,NORMAL,IDR,339000,678000,339000,678000,TOOLEQPT,10/21/2024,REDACTED,N,REDACTED
P0303924,P,RECEIVED,1,RECEIVED,10/14/2024,REDACTED,REDACTED,523-0775807, ,BEECHJET 400A AVIONICS SYSTEM MANUAL,1,EA,0,URGENT,USD,7725000,7725000,515,515,24B1POBJ,10/24/2024,REDACTED,S,REDACTED
P0303924,P,RECEIVED,2,RECEIVED,10/14/2024,REDACTED,REDACTED,523-0777736, ,B400A AVS DIAG GUIDE,1,EA,0,URGENT,USD,1215000,1215000,81,81,24B1POBJ,10/24/2024,REDACTED,S,REDACTED
P0304024,P,RECEIVED,1,RECEIVED,10/14/2024,REDACTED,REDACTED,3G5605G00132, ,TOOL KIT WINDOWS INSTALLATION,1,EA,0,NORMAL,USD,80175000,80175000,5345,5345,24AW169P,2/8/2025,REDACTED,T,REDACTED
P0304124,P,RECEIVED,1,RECEIVED,10/14/2024,REDACTED,REDACTED,4F6430L00751, ,"NUT,CONTROL ROD",1,EA,0,URGENT,EUR,8586750,8586750,572.45,572.45,24AW169P,12/30/2024,REDACTED,C,REDACTED
P0304124,P,RECEIVED,2,RECEIVED,10/14/2024,REDACTED,REDACTED,6F6220A05151, ,PROTECTION PLATE,3,EA,0,URGENT,EUR,625800,1877400,41.72,125.16,24AW169P,12/30/2024,REDACTED,P,REDACTED
P0304124,P,RECEIVED,3,RECEIVED,10/14/2024,REDACTED,REDACTED,A135A10, ,"NUT,SELF-LOCKING,CASTELLATED",4,EA,0,URGENT,EUR,5897250,23589000,393.15,1572.6,24AW169P,12/30/2024,REDACTED,C,REDACTED
P0304124,P,RECEIVED,4,RECEIVED,10/14/2024,REDACTED,REDACTED,LAMHALPATCH01R1, ,CLEAR LAMINATE PATCH,15,EA,0,URGENT,EUR,105600,1584000,7.04,105.6,24AW169P,1/20/2025,REDACTED,C,REDACTED
P0304124,P,RECEIVED,5,RECEIVED,10/14/2024,REDACTED,REDACTED,NAS1149V0432H, ,FLAT WASHER,40,EA,0,URGENT,EUR,52050,2082000,3.47,138.8,24AW169P,12/30/2024,REDACTED,C,REDACTED
P0304124,P,RECEIVED,6,RECEIVED,10/14/2024,REDACTED,REDACTED,6F6430A01352, ,PEELING SHIM,1,EA,0,URGENT,EUR,4916850,4916850,327.79,327.79,24AW169P,12/30/2024,REDACTED,P,REDACTED
P0304224,P,OPEN,1,OPEN,10/14/2024,REDACTED,REDACTED,3648901050, ,HMP 400 ROUNDS WITHOUT MACHINE GUN,2,EA,2,NORMAL,EUR,2325000000,4650000000,155000,310000,25TAS555,,REDACTED,P,REDACTED
P0304224,P,OPEN,2,OPEN,10/14/2024,REDACTED,REDACTED,3648910140, ,FN M3P MK2 LONG SFH,2,EA,2,NORMAL,EUR,486375000,972750000,32425,64850,25TAS555,,REDACTED,P,REDACTED
P0304224,P,OPEN,3,OPEN,10/14/2024,REDACTED,REDACTED,3530160050, ,TN24 + LIGHT TRIPOD + TELE STAFF,1,EA,1,NORMAL,EUR,6094650,6094650,406.31,406.31,25TAS555,,REDACTED,P,REDACTED
P0304224,P,OPEN,4,OPEN,10/14/2024,REDACTED,REDACTED,3530401000, ,HANDLING LOADING TROLLEY,1,EA,1,NORMAL,EUR,375786300,375786300,25052.42,25052.42,25TAS555,,REDACTED,P,REDACTED
P0304224,P,OPEN,5,OPEN,10/14/2024,REDACTED,REDACTED,3538940250, ,BORESIGHTING TOOLS KIT 12.7MM TY2 GR,1,EA,1,NORMAL,EUR,273944550,273944550,18262.97,18262.97,25TAS555,,REDACTED,P,REDACTED
P0304224,P,OPEN,6,OPEN,10/14/2024,REDACTED,REDACTED,3529100060, ,M3P-HMP TOOL KIT FOR ARMOURER,1,EA,1,NORMAL,EUR,405027150,405027150,27001.81,27001.81,25TAS555,,REDACTED,P,REDACTED
P0304224,P,OPEN,7,OPEN,10/14/2024,REDACTED,REDACTED,3649403010, ,HMP TOOL KIT FOR USER,1,EA,1,NORMAL,EUR,138848250,138848250,9256.55,9256.55,25TAS555,,REDACTED,P,REDACTED
P0304224,P,OPEN,8,OPEN,10/14/2024,REDACTED,REDACTED,3536300010, ,HANDLING DEVICE ASSY 400 AMMO BOX,1,EA,1,NORMAL,EUR,14844750,14844750,989.65,989.65,25TAS555,,REDACTED,P,REDACTED
P0304224,P,OPEN,9,OPEN,10/14/2024,REDACTED,REDACTED,3538937030, ,TBU FIELD TEST UNIT FOR FN POD,1,EA,1,NORMAL,EUR,368076300,368076300,24538.42,24538.42,25TAS555,,REDACTED,P,REDACTED
P0304224,P,OPEN,10,OPEN,10/14/2024,REDACTED,REDACTED,3529051040, ,PRP 905/208 FN M3P MK2 5000 ROUNDS,8,EA,8,NORMAL,EUR,13048200,104385600,869.88,6959.04,25TAS555,,REDACTED,C,REDACTED
P0304224,P,OPEN,11,OPEN,10/14/2024,REDACTED,REDACTED,3529051050, ,PRP 905/209 FN M3P MK2 10000 ROUNDS,4,EA,4,NORMAL,EUR,146744400,586977600,9782.96,39131.84,25TAS555,,REDACTED,C,REDACTED
P0304224,P,OPEN,12,OPEN,10/14/2024,REDACTED,REDACTED,3529051060, ,PRP 905/210 FN M3P MK2 20000 ROUNDS,2,EA,2,NORMAL,EUR,182552850,365105700,12170.19,24340.38,25TAS555,,REDACTED,C,REDACTED
P0304224,P,OPEN,13,OPEN,10/14/2024,REDACTED,REDACTED,3649050090, ,PRP 905/186 ELASTIC CRADLE 25000 RDS,2,EA,2,NORMAL,EUR,3575400,7150800,238.36,476.72,25TAS555,,REDACTED,C,REDACTED
P0304224,P,OPEN,14,OPEN,10/14/2024,REDACTED,REDACTED,3529051080, ,RRP 905/212 FN M3P MK2 ADVANCED,1,EA,1,NORMAL,EUR,324018750,324018750,21601.25,21601.25,25TAS555,,REDACTED,C,REDACTED
P0304224,P,OPEN,15,OPEN,10/14/2024,REDACTED,REDACTED,3529051070, ,RRP 905/211 FN M3P MK2 BASIC,1,EA,1,NORMAL,EUR,111191550,111191550,7412.77,7412.77,25TAS555,,REDACTED,C,REDACTED
P0304224,P,OPEN,16,OPEN,10/14/2024,REDACTED,REDACTED,8009000206, ,FN HMP FN M3P TECHNICAL DOC,1,EA,1,NORMAL,EUR,221455800,221455800,14763.72,14763.72,25TAS555,,REDACTED,C,REDACTED
P0304224,P,OPEN,17,OPEN,10/14/2024,REDACTED,REDACTED,4450001380, ,"12.7X99MM, 4B+1T, REACH PROP, M9 LIN",1000,EA,1000,NORMAL,EUR,80250,80250000,5.35,5350,25TAS555,,REDACTED,C,REDACTED
P0304324,P,RECEIVED,1,RECEIVED,10/15/2024,REDACTED,REDACTED,ALCLAD 20 MM, ,ALCLAD 20 MM FOR HEMS ADAPTER,1,SHT,0,URGENT,IDR,2953000,2953000,2953000,2953000,24GBO105,10/25/2024,REDACTED,N,REDACTED
P0304424,P,RECEIVED,1,RECEIVED,10/15/2024,REDACTED,REDACTED,E0688-00, ,SPACER,100,EA,0,NORMAL,EUR,13650,1365000,0.91,91,CSMBGEN,11/11/2024,REDACTED,C,REDACTED
P0304424,P,RECEIVED,2,RECEIVED,10/15/2024,REDACTED,REDACTED,E0688-01, ,BUTTERFLY SPACER,240,EA,0,NORMAL,EUR,15750,3780000,1.05,252,CSMBGEN,11/11/2024,REDACTED,C,REDACTED
P0304524,P,RECEIVED,1,RECEIVED,10/15/2024,REDACTED,REDACTED,EN3155-008M2222, ,MODULE PIN CONTACT #22 OR-BL-BK,350,EA,0,NORMAL,USD,6150,2152500,0.41,143.5,CSMBGEN,11/11/2024,REDACTED,C,REDACTED
P0304524,P,RECEIVED,2,RECEIVED,10/15/2024,REDACTED,REDACTED,EN3155-016M2222, ,JUNCTION MODULE PIN CONTACT #22,660,EA,0,NORMAL,USD,8850,5841000,0.59,389.4,CSMBGEN,11/11/2024,REDACTED,C,REDACTED
P0304524,P,RECEIVED,3,RECEIVED,10/15/2024,REDACTED,REDACTED,EN3155-019F2020, ,SOCKET CONTACT #20 RD-RD,120,EA,0,NORMAL,USD,13950,1674000,0.93,111.6,CSMBGEN,11/11/2024,REDACTED,C,REDACTED
P0304524,P,RECEIVED,4,RECEIVED,10/15/2024,REDACTED,REDACTED,MS20427M3-6, ,"COUNTERSUNK RIVET L 3/8"" D 3/32""",200,EA,0,NORMAL,USD,1350,270000,0.09,18,CSMBGEN,11/11/2024,REDACTED,C,REDACTED
P0304524,P,RECEIVED,5,RECEIVED,10/15/2024,REDACTED,REDACTED,MS20427M4-4, ,"COUNTERSUNK RIVET L 1/4"" D 1/8""",200,EA,0,NORMAL,USD,3000,600000,0.2,40,CSMBGEN,11/11/2024,REDACTED,C,REDACTED
P0304524,P,RECEIVED,6,RECEIVED,10/15/2024,REDACTED,REDACTED,NSA935401-04, ,CABLE TIE BLACK 3.5X150X1.1 MM,400,EA,0,NORMAL,USD,600,240000,0.04,16,CSMBGEN,11/18/2024,REDACTED,C,REDACTED
P0304524,P,RECEIVED,7,RECEIVED,10/15/2024,REDACTED,REDACTED,NSA935401-05, ,CABLE TIE BLACK 4.6X200X1.2 MM,400,EA,0,NORMAL,USD,1200,480000,0.08,32,CSMBGEN,11/18/2024,REDACTED,C,REDACTED
P0304624,P,RECEIVED,1,RECEIVED,10/15/2024,REDACTED,REDACTED,AN4-16A, ,BOLT,20,EA,0,URGENT,IDR,30000,600000,30000,600000,24BL412N,10/30/2024,REDACTED,C,REDACTED
P0304624,P,RECEIVED,2,RECEIVED,10/15/2024,REDACTED,REDACTED,AN4-17A, ,BOLT,20,EA,0,URGENT,IDR,30000,600000,30000,600000,24BL412N,10/30/2024,REDACTED,C,REDACTED
P0304624,P,RECEIVED,3,RECEIVED,10/15/2024,REDACTED,REDACTED,AN5-15A, ,BOLT,18,EA,0,URGENT,IDR,36000,648000,36000,648000,24BL412N,10/30/2024,REDACTED,C,REDACTED
P0304624,P,RECEIVED,4,RECEIVED,10/15/2024,REDACTED,REDACTED,AN5-16A, ,BOLT,20,EA,0,URGENT,IDR,36000,720000,36000,720000,24BL412N,10/30/2024,REDACTED,C,REDACTED
P0304724,P,PARTLY RECEIVED,3,OPEN,10/16/2024,REDACTED,REDACTED,ASNA4237DI012, ,HOSE,8,M,8,URGENT,EUR,1144800,9158400,76.32,610.56,24FAS555,,REDACTED,P,REDACTED
P0304724,P,PARTLY RECEIVED,1,RECEIVED,10/16/2024,REDACTED,REDACTED,22201BC080032L, ,BOLT,20,EA,0,URGENT,EUR,149550,2991000,9.97,199.4,24FAS555,11/11/2024,REDACTED,C,REDACTED
P0304724,P,PARTLY RECEIVED,2,RECEIVED,10/16/2024,REDACTED,REDACTED,23134CA070, ,WASHER FLAT,50,EA,0,URGENT,EUR,23400,1170000,1.56,78,24FAS555,11/11/2024,REDACTED,C,REDACTED
P0304724,P,PARTLY RECEIVED,4,RECEIVED,10/16/2024,REDACTED,REDACTED,BT2, ,"EXTRUSION,RUBBER",1,ROLL,0,URGENT,EUR,6618750,6618750,441.25,441.25,24FAS555,10/29/2024,REDACTED,C,REDACTED
P0304824,P,RECEIVED,1,RECEIVED,10/16/2024,REDACTED,REDACTED,CR3212-4-2, ,"COUNTERSUNKCHERRYRIVET D 1/8"" L 1/8""",200,EA,0,NORMAL,USD,11100,2220000,0.74,148,CSMBGEN,11/21/2024,REDACTED,C,REDACTED
P0304824,P,RECEIVED,2,RECEIVED,10/16/2024,REDACTED,REDACTED,CR3212-4-3, ,"COUNTERSUNKCHERRYRIVET D 1/8"" L3/16""",200,EA,0,NORMAL,USD,18150,3630000,1.21,242,CSMBGEN,11/21/2024,REDACTED,C,REDACTED
P0304824,P,RECEIVED,3,RECEIVED,10/16/2024,REDACTED,REDACTED,CR3212-4-7, ,"COUNTERSUNKCHERRYRIVET D 1/8"" L7/16""",100,EA,0,NORMAL,USD,30750,3075000,2.05,205,CSMBGEN,11/21/2024,REDACTED,C,REDACTED
P0304824,P,RECEIVED,4,RECEIVED,10/16/2024,REDACTED,REDACTED,CR3213-4-01, ,"UNIVERSALHEADCHERRYRIVET D1/8""L1/16""",500,EA,0,NORMAL,USD,25350,12675000,1.69,845,CSMBGEN,11/21/2024,REDACTED,C,REDACTED
P0304824,P,RECEIVED,5,RECEIVED,10/16/2024,REDACTED,REDACTED,CR3213-4-03, ,"CHERRY MAX RIVET 1/8""",400,EA,0,NORMAL,USD,39600,15840000,2.64,1056,CSMBGEN,11/21/2024,REDACTED,C,REDACTED
P0304824,P,RECEIVED,6,RECEIVED,10/16/2024,REDACTED,REDACTED,CR3213-4-04, ,"UNIVERSALHEADCHERRYRIVET D1/8""L1/4""",500,EA,0,NORMAL,USD,18300,9150000,1.22,610,CSMBGEN,11/21/2024,REDACTED,C,REDACTED
P0304824,P,RECEIVED,7,RECEIVED,10/16/2024,REDACTED,REDACTED,CR3243-4-01, ,"UNVRSLHEADCHERRYOVERSIZED1/8""L1/16""",500,EA,0,NORMAL,USD,23850,11925000,1.59,795,CSMBGEN,11/21/2024,REDACTED,C,REDACTED
P0304824,P,RECEIVED,8,RECEIVED,10/16/2024,REDACTED,REDACTED,CR3243-4-3, ,"UNVRSLHEADCHERRYOVERSIZED1/8""L3/16""",500,EA,0,NORMAL,USD,19200,9600000,1.28,640,CSMBGEN,11/21/2024,REDACTED,C,REDACTED
P0304824,P,RECEIVED,9,RECEIVED,10/16/2024,REDACTED,REDACTED,CR3243-4-04, ,CHERRY RIVET,500,EA,0,NORMAL,USD,14700,7350000,0.98,490,CSMBGEN,11/21/2024,REDACTED,C,REDACTED
P0304824,P,RECEIVED,10,RECEIVED,10/16/2024,REDACTED,REDACTED,CR3522-5-03, ,CHERRYMAX MONEL COUNTERSUNK RIVET,500,EACH,0,NORMAL,USD,69750,34875000,4.65,2325,CSMBGEN,11/21/2024,REDACTED,C,REDACTED
P0304924,P,RECEIVED,1,RECEIVED,10/16/2024,REDACTED,REDACTED,AS555-EXHAUST-COVER, ,FENNEC AS555 EXHAUST COVER,2,EA,0,URGENT,IDR,1650000,2970000,1650000,2970000,24FAS555,11/19/2024,REDACTED,N,REDACTED
P0304924,P,RECEIVED,2,RECEIVED,10/16/2024,REDACTED,REDACTED,AS555-INTAKE-COVER, ,FENNEC AS555 INTAKE COVER,1,EA,0,URGENT,IDR,2950000,2655000,2950000,2655000,24FAS555,11/19/2024,REDACTED,N,REDACTED
P0304924,P,RECEIVED,3,RECEIVED,10/16/2024,REDACTED,REDACTED,AS555-MRB-TIEDOWN, ,FENNEC AS555 MRB TIEDOWN STRAPS,3,EA,0,URGENT,IDR,3850000,10395000,3850000,10395000,24FAS555,11/19/2024,REDACTED,N,REDACTED
P0304924,P,RECEIVED,4,RECEIVED,10/16/2024,REDACTED,REDACTED,AS555-OILCOOLER-COVER, ,FENNEC AS555 OIL COOLER COVER,1,EA,0,URGENT,IDR,1950000,1755000,1950000,1755000,24FAS555,11/19/2024,REDACTED,N,REDACTED
P0304924,P,RECEIVED,5,RECEIVED,10/16/2024,REDACTED,REDACTED,AS555-WINDSHIELD-COVER, ,FENNEC AS555 WINDSHIELD COVER,1,EA,0,URGENT,IDR,2950000,2655000,2950000,2655000,24FAS555,1/13/2025,REDACTED,C,REDACTED
P0305024,P,PARTLY RECEIVED,3,OPEN,10/16/2024,REDACTED,REDACTED,365A63-8406-04, ,SHELF - LHS,2,EA,2,NORMAL,EUR,77139900,154279800,5142.66,10285.32,25PN565M,,REDACTED,P,REDACTED
P0305024,P,PARTLY RECEIVED,6,PARTLY RECEIVED,10/16/2024,REDACTED,REDACTED,E0052R22B55SNF, ,SIZE 22 PLUG CONNECTOR 55PIN W/O PIN,5,EA,1,NORMAL,EUR,634950,3174750,42.33,211.65,25PN565M,12/13/2024,REDACTED,C,REDACTED
P0305024,P,PARTLY RECEIVED,15,PARTLY RECEIVED,10/16/2024,REDACTED,REDACTED,E0836IS35-22SD, ,INSULATING,6,EA,1,NORMAL,EUR,1224300,7345800,81.62,489.72,25PN565M,2/25/2025,REDACTED,C,REDACTED
P0305024,P,PARTLY RECEIVED,1,RECEIVED,10/16/2024,REDACTED,REDACTED,400331, ,CONTROL BOX,1,EA,0,NORMAL,EUR,252503550,252503550,16833.57,16833.57,25PN565M,11/26/2024,REDACTED,P,REDACTED
P0305024,P,PARTLY RECEIVED,2,RECEIVED,10/16/2024,REDACTED,REDACTED,365A63-8206-00, ,SUPPORT,3,EA,0,NORMAL,EUR,18892500,56677500,1259.5,3778.5,25PN565M,11/25/2024,REDACTED,C,REDACTED
P0305024,P,PARTLY RECEIVED,4,RECEIVED,10/16/2024,REDACTED,REDACTED,365A63-8408-00, ,SUPPORT RACK LH,1,EA,0,NORMAL,EUR,7600350,7600350,506.69,506.69,25PN565M,11/18/2024,REDACTED,P,REDACTED
P0305024,P,PARTLY RECEIVED,5,RECEIVED,10/16/2024,REDACTED,REDACTED,6452AE18, ,PLUG WITH CHAIN,1,EA,0,NORMAL,EUR,310050,310050,20.67,20.67,25PN565M,11/18/2024,REDACTED,C,REDACTED
P0305024,P,PARTLY RECEIVED,7,RECEIVED,10/16/2024,REDACTED,REDACTED,E0080-01-14C, ,BACKSHELL,4,EACH,0,NORMAL,EUR,392850,1571400,26.19,104.76,25PN565M,1/2/2025,REDACTED,C,REDACTED
P0305024,P,PARTLY RECEIVED,8,RECEIVED,10/16/2024,REDACTED,REDACTED,E0080-01-18C, ,UNION,6,EA,0,NORMAL,EUR,298650,1791900,19.91,119.46,25PN565M,11/25/2024,REDACTED,C,REDACTED
P0305024,P,PARTLY RECEIVED,9,RECEIVED,10/16/2024,REDACTED,REDACTED,E0617B13N, ,UNION,2,EA,0,NORMAL,EUR,1211550,2423100,80.77,161.54,25PN565M,11/25/2024,REDACTED,C,REDACTED
P0305024,P,PARTLY RECEIVED,10,RECEIVED,10/16/2024,REDACTED,REDACTED,E0836B03, ,INSERT SUPPORT SHELL,2,EACH,0,NORMAL,EUR,5174700,10349400,344.98,689.96,25PN565M,11/25/2024,REDACTED,C,REDACTED
P0305024,P,PARTLY RECEIVED,11,RECEIVED,10/16/2024,REDACTED,REDACTED,E0836C01, ,COVER,3,EACH,0,NORMAL,EUR,3019350,9058050,201.29,603.87,25PN565M,11/25/2024,REDACTED,C,REDACTED
P0305024,P,PARTLY RECEIVED,12,RECEIVED,10/16/2024,REDACTED,REDACTED,E0836IS35-22SA, ,INSULATING,6,EA,0,NORMAL,EUR,1211850,7271100,80.79,484.74,25PN565M,2/26/2025,REDACTED,C,REDACTED
P0305024,P,PARTLY RECEIVED,13,RECEIVED,10/16/2024,REDACTED,REDACTED,E0836IS35-22SB, ,INSULATING,4,EA,0,NORMAL,EUR,1208400,4833600,80.56,322.24,25PN565M,11/25/2024,REDACTED,C,REDACTED
P0305024,P,PARTLY RECEIVED,14,RECEIVED,10/16/2024,REDACTED,REDACTED,E0836IS35-22SC, ,INSULATING,6,EACH,0,NORMAL,EUR,1233150,7398900,82.21,493.26,25PN565M,11/28/2024,REDACTED,C,REDACTED
P0305024,P,PARTLY RECEIVED,16,RECEIVED,10/16/2024,REDACTED,REDACTED,E0846W10B06, ,UNION,3,EA,0,NORMAL,EUR,436650,1309950,29.11,87.33,25PN565M,1/10/2025,REDACTED,C,REDACTED
P0305024,P,PARTLY RECEIVED,17,RECEIVED,10/16/2024,REDACTED,REDACTED,ECS0845-05ACHC, ,CIRCUIT BREAKER,2,EACH,0,NORMAL,EUR,1291800,2583600,86.12,172.24,25PN565M,11/26/2024,REDACTED,C,REDACTED
P0305024,P,PARTLY RECEIVED,18,RECEIVED,10/16/2024,REDACTED,REDACTED,EN3645F0BN35BN, ,CONNECTOR,4,EACH,0,NORMAL,EUR,847200,3388800,56.48,225.92,25PN565M,11/25/2024,REDACTED,C,REDACTED
P0305024,P,PARTLY RECEIVED,19,RECEIVED,10/16/2024,REDACTED,REDACTED,EN3646A61832BW, ,CONNECTOR,3,EA,0,NORMAL,EUR,573750,1721250,38.25,114.75,25PN565M,2/18/2025,REDACTED,C,REDACTED
P0305024,P,PARTLY RECEIVED,20,RECEIVED,10/16/2024,REDACTED,REDACTED,EN3646WS62041BW, ,CONNECTOR,2,EA,0,NORMAL,EUR,1991100,3982200,132.74,265.48,25PN565M,11/26/2024,REDACTED,C,REDACTED
